titulo;ano;classificacao;duracao;sinopse;direcao;roteiristas;artistas;nota
The Shawshank Redemption;1994;R;2h 22m;Over the course of several years, two convicts form a friendship, seeking consolation and, eventually, redemption through basic compassion.;Frank Darabont;Stephen King, Frank Darabont;Tim Robbins, Morgan Freeman, Bob Gunton;9.3
Seven Samurai;1954;Not Rated;3h 27m;Farmers from a village exploited by bandits hire a veteran samurai for protection, who gathers six other samurai to join him.;Akira Kurosawa;Akira Kurosawa, Shinobu Hashimoto, Hideo Oguni;Toshirô Mifune, Takashi Shimura, Keiko Tsushima;8.6
One Flew Over the Cuckoo's Nest;1975;R;2h 13m;In the Fall of 1963, a Korean War veteran and criminal pleads insanity and is admitted to a mental institution, where he rallies up the scared patients against the tyrannical nurse.;Milos Forman;Lawrence Hauben, Bo Goldman, Ken Kesey;Jack Nicholson, Louise Fletcher, Michael Berryman;8.7
Goodfellas;1990;R;2h 25m;The story of Henry Hill and his life in the mafia, covering his relationship with his wife Karen and his mob partners Jimmy Conway and Tommy DeVito.;Martin Scorsese;Nicholas Pileggi, Martin Scorsese;Robert De Niro, Ray Liotta, Joe Pesci;8.7
It's a Wonderful Life;1946;PG;2h 10m;An angel is sent from Heaven to help a desperately frustrated businessman by showing him what life would have been like if he had never existed.;Frank Capra;Frances Goodrich, Albert Hackett, Frank Capra;James Stewart, Donna Reed, Lionel Barrymore;8.6
Saving Private Ryan;1998;R;2h 49m;Following the Normandy Landings, a group of U.S. soldiers go behind enemy lines to retrieve a paratrooper whose brothers have been killed in action.;Steven Spielberg;Robert Rodat;Tom Hanks, Matt Damon, Tom Sizemore;8.6
Se7en;1995;R;2h 7m;Two detectives, a rookie and a veteran, hunt a serial killer who uses the seven deadly sins as his motives.;David Fincher;Andrew Kevin Walker;Morgan Freeman, Brad Pitt, Kevin Spacey;8.6
The Silence of the Lambs;1991;R;1h 58m;A young F.B.I. cadet must receive the help of an incarcerated and manipulative cannibal killer to help catch another serial killer, a madman who skins his victims.;Jonathan Demme;Thomas Harris, Ted Tally;Jodie Foster, Anthony Hopkins, Lawrence A. Bonney;8.6
Star Wars Episode V - The Empire Strikes Back;1980;PG;2h 4m;After the Rebels are overpowered by the Empire, Luke Skywalker begins his Jedi training with Yoda, while his friends are pursued across the galaxy by Darth Vader and bounty hunter Boba Fett.;Irvin Kershner;Leigh Brackett, Lawrence Kasdan, George Lucas;Mark Hamill, Harrison Ford, Carrie Fisher;8.7
Inception;2010;PG-13;2h 28m;A thief who steals corporate secrets through the use of dream-sharing technology is given the inverse task of planting an idea into the mind of a C.E.O., but his tragic past may doom the project and his team to disaster.;Christopher Nolan;Christopher Nolan;Leonardo DiCaprio, Joseph Gordon-Levitt, Elliot Page;8.8
The Matrix;1999;R;2h 16m;When a beautiful stranger leads computer hacker Neo to a forbidding underworld, he discovers the shocking truth--the life he knows is the elaborate deception of an evil cyber-intelligence.;Lana Wachowski, Lilly Wachowski;Lilly Wachowski, Lana Wachowski;Keanu Reeves, Laurence Fishburne, Carrie-Anne Moss;8.7
The Lord of the Rings The Two Towers;2002;PG-13;2h 59m;While Frodo and Sam edge closer to Mordor with the help of the shifty Gollum, the divided fellowship makes a stand against Sauron's new ally, Saruman, and his hordes of Isengard.;Peter Jackson;J.R.R. Tolkien, Fran Walsh, Philippa Boyens;Elijah Wood, Ian McKellen, Viggo Mortensen;8.8
The Good, the Bad and the Ugly;1966;Approved;2h 58m;A bounty hunting scam joins two men in an uneasy alliance against a third in a race to find a fortune in gold buried in a remote cemetery.;Sergio Leone;Luciano Vincenzoni, Sergio Leone, Agenore Incrocci;Clint Eastwood, Eli Wallach, Lee Van Cleef;8.8
Fight Club;1999;R;2h 19m;An insomniac office worker and a devil-may-care soap maker form an underground fight club that evolves into much more.;David Fincher;Chuck Palahniuk, Jim Uhls;Brad Pitt, Edward Norton, Meat Loaf;8.8
Spider-Man Across the Spider-Verse;2023;PG;2h 20m;Miles Morales catapults across the Multiverse, where he encounters a team of Spider-People charged with protecting its very existence. When the heroes clash on how to handle a new threat, Miles must redefine what it means to be a hero.;Joaquim Dos Santos, Kemp Powers, Justin K. Thompson;Phil Lord, Christopher Miller, Dave Callaham;Shameik Moore, Hailee Steinfeld, Brian Tyree Henry;9.0
Forrest Gump;1994;PG-13;2h 22m;The presidencies of Kennedy and Johnson, the Vietnam War, the Watergate scandal and other historical events unfold from the perspective of an Alabama man with an IQ of 75, whose only desire is to be reunited with his childhood sweetheart.;Robert Zemeckis;Winston Groom, Eric Roth;Tom Hanks, Robin Wright, Gary Sinise;8.8
Aladdin;1992;G;1h 30m;A kind-hearted street urchin and a power-hungry Grand Vizier vie for a magic lamp that has the power to make their deepest wishes come true.;Ron Clements, John Musker;Ron Clements, John Musker, Ted Elliott;Scott Weinger, Robin Williams, Linda Larkin;8.0
It Happened One Night;1934;Passed;1h 45m;A renegade reporter trailing a young runaway heiress for a big story joins her on a bus heading from Florida to New York, and they end up stuck with each other when the bus leaves them behind at one of the stops.;Frank Capra;Robert Riskin, Samuel Hopkins Adams;Clark Gable, Claudette Colbert, Walter Connolly;8.1
Life of Brian;1979;R;1h 34m;Born on the original Christmas in the stable next door to Jesus Christ, Brian of Nazareth spends his life being mistaken for a messiah.;Terry Jones;Graham Chapman, John Cleese, Terry Gilliam;Graham Chapman, John Cleese, Michael Palin;8.0
The Iron Giant;1999;PG;1h 26m;A young boy befriends a giant robot from outer space that a paranoid government agent wants to destroy.;Brad Bird;Tim McCanlies, Brad Bird, Ted Hughes;Eli Marienthal, Harry Connick Jr., Jennifer Aniston;8.1
The 400 Blows;1959;Not Rated;1h 39m;A young boy, left without attention, delves into a life of petty crime.;François Truffaut;François Truffaut, Marcel Moussy;Jean-Pierre Léaud, Albert Rémy, Claire Maurier;8.1
The Help;2011;PG-13;2h 26m;An aspiring author during the civil rights movement of the 1960s decides to write a book detailing the African American maids' point of view on the white families for which they work, and the hardships they go through on a daily basis.;Tate Taylor;Tate Taylor, Kathryn Stockett;Viola Davis, Emma Stone, Octavia Spencer;8.1
Persona;1966;Not Rated;1h 23m;A nurse is put in charge of a mute actress and finds that their personae are melding together.;Ingmar Bergman;Ingmar Bergman;Bibi Andersson, Liv Ullmann, Margaretha Krook;8.1
Drishyam;2015;Not Rated;2h 43m;Desperate measures are taken by a man who tries to save his family from the dark side of the law, after they commit an unexpected crime.;Nishikant Kamat;Jeethu Joseph, Upendra Sidhaye;Ajay Devgn, Shriya Saran, Tabu;8.2
The Sound of Music;1965;G;2h 52m;A young novice is sent by her convent in 1930s Austria to become a governess to the seven children of a widowed naval officer.;Robert Wise;Georg Hurdalek, Howard Lindsay, Russel Crouse;Julie Andrews, Christopher Plummer, Eleanor Parker;8.1
Cool Hand Luke;1967;GP;2h 7m;A laid back Southern man is sentenced to two years in a rural prison, but refuses to conform.;Stuart Rosenberg;Donn Pearce, Frank Pierson, Hal Dresner;Paul Newman, George Kennedy, Strother Martin;8.1
Rebecca;1940;Approved;2h 10m;A self-conscious woman juggles adjusting to her new role as an aristocrat's wife and avoiding being intimidated by his first wife's spectral presence.;Alfred Hitchcock;Daphne Du Maurier, Robert E. Sherwood, Joan Harrison;Laurence Olivier, Joan Fontaine, George Sanders;8.1
The Handmaiden;2016;Not Rated;2h 25m;A woman is hired as a handmaiden to a Japanese heiress, but secretly she is involved in a plot to defraud her.;Park Chan-wook;Sarah Waters, Chung Seo-kyung, Park Chan-wook;Kim Min-hee, Ha Jung-woo, Cho Jin-woong;8.1
Amores Perros;2000;R;2h 34m;A horrific car accident connects three stories, each involving characters dealing with loss, regret, and life's harsh realities, all in the name of love.;Alejandro G. Iñárritu;Guillermo Arriaga;Emilio Echevarría, Gael García Bernal, Goya Toledo;8.1
Hachi A Dog's Tale;2009;G;1h 33m;A college professor bonds with an abandoned dog he takes into his home.;Lasse Hallström;Stephen P. Lindsey, Kaneto Shindô;Richard Gere, Joan Allen, Cary-Hiroyuki Tagawa;8.1
Pather Panchali;1955;Not Rated;2h 5m;Impoverished priest Harihar Ray, dreaming of a better life for himself and his family, leaves his rural Bengal village in search of work.;Satyajit Ray;Bibhutibhushan Bandyopadhyay, Satyajit Ray;Kanu Bannerjee, Karuna Bannerjee, Subir Banerjee;8.2
The Grapes of Wrath;1940;Passed;2h 9m;An Oklahoma family, driven off their farm by the poverty and hopelessness of the Dust Bowl, joins the westward migration to California, suffering the misfortunes of the homeless in the Great Depression.;John Ford;Nunnally Johnson, John Steinbeck;Henry Fonda, Jane Darwell, John Carradine;8.1
My Father and My Son;2005;Not Rated;1h 52m;The family of a left-wing journalist is torn apart after the military coup of Turkey in 1980.;Çagan Irmak;Çagan Irmak;Çetin Tekindor, Fikret Kuskan, Hümeyra;8.2
The Incredibles;2004;PG;1h 55m;While trying to lead a quiet suburban life, a family of undercover superheroes are forced into action to save the world.;Brad Bird;Brad Bird;Craig T. Nelson, Samuel L. Jackson, Holly Hunter;8.0
To Be or Not to Be;1942;Passed;1h 39m;During the Nazi occupation of Poland, an acting troupe becomes embroiled in a Polish soldier's efforts to track down a German spy.;Ernst Lubitsch;Melchior Lengyel, Edwin Justus Mayer, Ernst Lubitsch;Carole Lombard, Jack Benny, Robert Stack;8.2
The Battle of Algiers;1966;Not Rated;2h 1m;In the 1950s, fear and violence escalate as the people of Algiers fight for independence from the French government.;Gillo Pontecorvo;Franco Solinas, Gillo Pontecorvo;Brahim Hadjadj, Jean Martin, Yacef Saadi;8.1
Groundhog Day;1993;PG;1h 41m;A narcissistic, self-centered weatherman finds himself in a time loop on Groundhog Day, and the day keeps repeating until he gets it right.;Harold Ramis;Danny Rubin, Harold Ramis;Bill Murray, Andie MacDowell, Chris Elliott;8.0
Pirates of the Caribbean The Curse of the Black Pearl;2003;PG-13;2h 23m;"Blacksmith Will Turner teams up with eccentric pirate ""Captain"" Jack Sparrow to save his love, the governor's daughter, from Jack's former pirate allies, who are now undead.";Gore Verbinski;Ted Elliott, Terry Rossio, Stuart Beattie;Johnny Depp, Geoffrey Rush, Orlando Bloom;8.1
The Best Years of Our Lives;1946;Approved;2h 50m;Three World War II veterans, two of them traumatized or disabled, return home to the American midwest to discover that they and their families have been irreparably changed.;William Wyler;Robert E. Sherwood, MacKinlay Kantor;Myrna Loy, Dana Andrews, Fredric March;8.1
The Exorcist;1973;R;2h 2m;When a teenage girl is possessed by a mysterious entity, her mother seeks the help of two priests to save her daughter.;William Friedkin;William Peter Blatty;Ellen Burstyn, Max von Sydow, Linda Blair;8.1
La haine;1995;Not Rated;1h 38m;24 hours in the lives of three young men in the French suburbs the day after a violent riot.;Mathieu Kassovitz;Mathieu Kassovitz;Vincent Cassel, Hubert Koundé, Saïd Taghmaoui;8.1
The Wizard of Oz;1939;G;1h 42m;Young Dorothy Gale and her dog Toto are swept away by a tornado from their Kansas farm to the magical Land of Oz, and embark on a quest with three new friends to see the Wizard, who can return her to her home and fulfill the others' wishes.;Victor Fleming, George Cukor, Mervyn LeRoy;Noel Langley, Florence Ryerson, Edgar Allan Woolf;Judy Garland, Frank Morgan, Ray Bolger;8.1
Network;1976;R;2h 1m;A television network cynically exploits a deranged former anchor's ravings and revelations about the news media for its own profit, but finds that his message may be difficult to control.;Sidney Lumet;Paddy Chayefsky;Faye Dunaway, William Holden, Peter Finch;8.1
Stand by Me;1986;R;1h 29m;After the death of one of his friends, a writer recounts a childhood journey with his friends to find the body of a missing boy.;Rob Reiner;Stephen King, Raynold Gideon, Bruce A. Evans;Wil Wheaton, River Phoenix, Corey Feldman;8.1
Before Sunset;2004;R;1h 20m;Nine years after Jesse and Celine first met, they encounter each other again on the French leg of Jesse's book tour.;Richard Linklater;Richard Linklater, Julie Delpy, Ethan Hawke;Ethan Hawke, Julie Delpy, Vernon Dobtcheff;8.1
Into the Wild;2007;R;2h 28m;After graduating from Emory University, top student and athlete Christopher McCandless abandons his possessions, gives his entire $24,000 savings account to charity and hitchhikes to Alaska to live in the wilderness. Along the way, Christopher encounters a series of characters that shape his life.;Sean Penn;Sean Penn, Jon Krakauer;Emile Hirsch, Vince Vaughn, Catherine Keener;8.1
Rush;2013;R;2h 3m;The merciless 1970s rivalry between Formula One rivals James Hunt and Niki Lauda.;Ron Howard;Peter Morgan;Daniel Brühl, Chris Hemsworth, Olivia Wilde;8.1
Jai Bhim;2021;TV-MA;2h 44m;When a tribal man is arrested for a case of alleged theft, his wife turns to a human-rights lawyer to help bring justice.;T.J. Gnanavel;T.J. Gnanavel, Rajendra Sapre;Suriya, Lijo Mol Jose, Manikandan K.;8.8
Logan;2017;R;2h 17m;In a future where mutants are nearly extinct, an elderly and weary Logan leads a quiet life. But when Laura, a mutant child pursued by scientists, comes to him for help, he must get her to safety.;James Mangold;James Mangold, Scott Frank, Michael Green;Hugh Jackman, Patrick Stewart, Dafne Keen;8.1
Spotlight;2015;R;2h 9m;The true story of how the Boston Globe uncovered the massive scandal of child molestation and cover-up within the local Catholic Archdiocese, shaking the entire Catholic Church to its core.;Tom McCarthy;Josh Singer, Tom McCarthy;Mark Ruffalo, Michael Keaton, Rachel McAdams;8.1
Ratatouille;2007;G;1h 51m;A rat who can cook makes an unusual alliance with a young kitchen worker at a famous Paris restaurant.;Brad Bird, Jan Pinkava;Brad Bird, Jan Pinkava, Jim Capobianco;Brad Garrett, Lou Romano, Patton Oswalt;8.1
The Terminator;1984;R;1h 47m;A human soldier is sent from 2029 to 1984 to stop an almost indestructible cyborg killing machine, sent from the same year, which has been programmed to execute a young woman whose unborn son is the key to humanity's future salvation.;James Cameron;James Cameron, Gale Anne Hurd, William Wisher;Arnold Schwarzenegger, Linda Hamilton, Michael Biehn;8.1
The Passion of Joan of Arc;1928;Passed;1h 54m;In 1431, Jeanne d'Arc is placed on trial on charges of heresy. The ecclesiastical jurists attempt to force Jeanne to recant her claims of holy visions.;Carl Theodor Dreyer;Joseph Delteil, Carl Theodor Dreyer;Maria Falconetti, Eugene Silvain, André Berley;8.2
Hotel Rwanda;2004;PG-13;2h 1m;Paul Rusesabagina, a hotel manager, houses over a thousand Tutsi refugees during their struggle against the Hutu militia in Rwanda, Africa.;Terry George;Keir Pearson, Terry George;Don Cheadle, Sophie Okonedo, Joaquin Phoenix;8.1
Ford v Ferrari;2019;PG-13;2h 32m;American car designer Carroll Shelby and driver Ken Miles battle corporate interference and the laws of physics to build a revolutionary race car for Ford in order to defeat Ferrari at the 24 Hours of Le Mans in 1966.;James Mangold;Jez Butterworth, John-Henry Butterworth, Jason Keller;Matt Damon, Christian Bale, Jon Bernthal;8.1
Tokyo Story;1953;Not Rated;2h 16m;An old couple visit their children and grandchildren in the city, but receive little attention.;Yasujirô Ozu;Kôgo Noda, Yasujirô Ozu;Chishû Ryû, Chieko Higashiyama, Sô Yamamura;8.2
Platoon;1986;R;2h;Chris Taylor, a neophyte recruit in Vietnam, finds himself caught in a battle of wills between two sergeants, one good and the other evil. A shrewd examination of the brutality of war and the duality of man in conflict.;Oliver Stone;Oliver Stone;Charlie Sheen, Tom Berenger, Willem Dafoe;8.1
Rocky;1976;PG;2h;A small-time Philadelphia boxer gets a supremely rare chance to fight the world heavyweight champion in a bout in which he strives to go the distance for his self-respect.;John G. Avildsen;Sylvester Stallone;Sylvester Stallone, Talia Shire, Burt Young;8.1
The Big Lebowski;1998;R;1h 57m;"Ultimate L.A. slacker Jeff ""The Dude"" Lebowski, mistaken for a millionaire of the same name, seeks restitution for a rug ruined by debt collectors, enlisting his bowling buddies for help while trying to find the millionaire's missing wife.";Joel Coen, Ethan Coen;Ethan Coen, Joel Coen;Jeff Bridges, John Goodman, Julianne Moore;8.1
Room;2015;R;1h 58m;A little boy is held captive in a room with his mother since his birth, so he has never known the world outside.;Lenny Abrahamson;Emma Donoghue;Brie Larson, Jacob Tremblay, Sean Bridgers;8.1
The Seventh Seal;1957;Not Rated;1h 36m;A knight returning to Sweden after the Crusades seeks answers about life, death, and the existence of God as he plays chess against the Grim Reaper during the Black Plague.;Ingmar Bergman;Ingmar Bergman;Max von Sydow, Gunnar Björnstrand, Bengt Ekerot;8.1
Monsters, Inc.;2001;G;1h 32m;In order to power the city, monsters have to scare children so that they scream. However, the children are toxic to the monsters, and after a child gets through, two monsters realize things may not be what they think.;Pete Docter, David Silverman, Lee Unkrich;Pete Docter, Jill Culton, Jeff Pidgeon;Billy Crystal, John Goodman, Mary Gibbs;8.1
Dead Poets Society;1989;PG;2h 8m;Maverick teacher John Keating uses poetry to embolden his boarding school students to new heights of self-expression.;Peter Weir;Tom Schulman;Robin Williams, Robert Sean Leonard, Ethan Hawke;8.1
Mary and Max;2009;Not Rated;1h 32m;A tale of friendship between two unlikely pen pals: Mary, a lonely, eight-year-old girl living in the suburbs of Melbourne, and Max, a forty-four-year old, severely obese man living in New York.;Adam Elliot;Adam Elliot;Toni Collette, Philip Seymour Hoffman, Eric Bana;8.1
How to Train Your Dragon;2010;PG;1h 38m;A hapless young Viking who aspires to hunt dragons becomes the unlikely friend of a young dragon himself, and learns there may be more to the creatures than he assumed.;Dean DeBlois, Chris Sanders;Will Davies, Dean DeBlois, Chris Sanders;Jay Baruchel, Gerard Butler, Christopher Mintz-Plasse;8.1
Jaws;1975;PG;2h 4m;When a killer shark unleashes chaos on a beach community off Cape Cod, it's up to a local sheriff, a marine biologist, and an old seafarer to hunt the beast down.;Steven Spielberg;Peter Benchley, Carl Gottlieb;Roy Scheider, Robert Shaw, Richard Dreyfuss;8.1
Wild Tales;2014;R;2h 2m;Six short stories that explore the extremities of human behavior involving people in distress.;Damián Szifron;Julian Loyola, Damián Szifron, Germán Servidio;Darío Grandinetti, María Marull, Mónica Villa;8.1
Mad Max Fury Road;2015;R;2h;In a post-apocalyptic wasteland, a woman rebels against a tyrannical ruler in search for her homeland with the aid of a group of female prisoners, a psychotic worshiper and a drifter named Max.;George Miller;George Miller, Brendan McCarthy, Nick Lathouris;Tom Hardy, Charlize Theron, Nicholas Hoult;8.1
Mr. Smith Goes to Washington;1939;Passed;2h 9m;A naive youth leader is appointed to fill a vacancy in the U.S. Senate. His idealistic plans promptly collide with corruption at home and subterfuge from his hero in Washington, but he tries to forge ahead despite attacks on his character.;Frank Capra;Sidney Buchman, Lewis R. Foster, Myles Connolly;James Stewart, Jean Arthur, Claude Rains;8.1
The Wages of Fear;1953;Not Rated;2h 11m;In a decrepit South American village, four men are hired to transport an urgent nitroglycerine shipment without the equipment that would make it safe.;Henri-Georges Clouzot;Georges Arnaud, Henri-Georges Clouzot, Jérôme Géronimi;Yves Montand, Charles Vanel, Peter van Eyck;8.2
The Third Man;1949;Approved;1h 33m;Pulp novelist Holly Martins travels to shadowy, postwar Vienna, only to find himself investigating the mysterious death of an old friend, Harry Lime.;Carol Reed;Graham Greene, Orson Welles, Alexander Korda;Orson Welles, Joseph Cotten, Alida Valli;8.1
Memories of Murder;2003;Not Rated;2h 12m;In a small Korean province in 1986, two detectives struggle with the case of multiple young women being found raped and murdered by an unknown culprit.;Bong Joon Ho;Bong Joon Ho, Kwang-rim Kim, Sung-bo Shim;Song Kang-ho, Kim Sang-kyung, Roe-ha Kim;8.1
Sherlock Jr.;1924;Passed;45m;A film projectionist longs to be a detective, and puts his meagre skills to work when he is framed by a rival for stealing his girlfriend's father's pocketwatch.;Buster Keaton;Jean C. Havez, Joseph A. Mitchell, Clyde Bruckman;Buster Keaton, Kathryn McGuire, Joe Keaton;8.2
Hacksaw Ridge;2016;R;2h 19m;World War II American Army Medic Desmond T. Doss, who served during the Battle of Okinawa, refuses to kill people and becomes the first man in American history to receive the Medal of Honor without firing a shot.;Mel Gibson;Robert Schenkkan, Andrew Knight;Andrew Garfield, Sam Worthington, Luke Bracey;8.1
Gone Girl;2014;R;2h 29m;With his wife's disappearance having become the focus of an intense media circus, a man sees the spotlight turned on him when it's suspected that he may not be innocent.;David Fincher;Gillian Flynn;Ben Affleck, Rosamund Pike, Neil Patrick Harris;8.1
In the Name of the Father;1993;R;2h 13m;A man's coerced confession to an I.R.A. bombing he did not commit results in the imprisonment of his father as well. An English lawyer fights to free them.;Jim Sheridan;Gerry Conlon, Terry George, Jim Sheridan;Daniel Day-Lewis, Pete Postlethwaite, Alison Crosbie;8.1
Barry Lyndon;1975;PG;3h 5m;An Irish rogue wins the heart of a rich widow and assumes her dead husband's aristocratic position in 18th-century England.;Stanley Kubrick;Stanley Kubrick, William Makepeace Thackeray;Ryan O'Neal, Marisa Berenson, Patrick Magee;8.1
The Deer Hunter;1978;R;3h 3m;An in-depth examination of the ways in which the Vietnam War impacts and disrupts the lives of several friends in a small steel mill town in Pennsylvania.;Michael Cimino;Michael Cimino, Deric Washburn, Louis Garfinkle;Robert De Niro, Christopher Walken, John Cazale;8.1
On the Waterfront;1954;Approved;1h 48m;An ex-prize fighter turned New Jersey longshoreman struggles to stand up to his corrupt union bosses, including his older brother, as he starts to connect with the grieving sister of one of the syndicate's victims.;Elia Kazan;Budd Schulberg, Malcolm Johnson, Robert Siodmak;Marlon Brando, Karl Malden, Lee J. Cobb;8.1
Wild Strawberries;1957;Not Rated;1h 31m;After living a life marked by coldness, an aging professor is forced to confront the emptiness of his existence.;Ingmar Bergman;Ingmar Bergman;Victor Sjöström, Bibi Andersson, Ingrid Thulin;8.1
Ben-Hur;1959;G;3h 32m;After a Jewish prince is betrayed and sent into slavery by a Roman friend in 1st-century Jerusalem, he regains his freedom and comes back for revenge.;William Wyler;Lew Wallace, Karl Tunberg, Gore Vidal;Charlton Heston, Jack Hawkins, Stephen Boyd;8.1
The General;1926;Passed;1h 7m;After being rejected by the Confederate military, not realizing it was due to his crucial civilian role, an engineer must single-handedly recapture his beloved locomotive after it is seized by Union spies and return it through enemy lines.;Clyde Bruckman, Buster Keaton;Buster Keaton, Clyde Bruckman, Al Boasberg;Buster Keaton, Marion Mack, Glen Cavender;8.1
The Grand Budapest Hotel;2014;R;1h 39m;A writer encounters the owner of an aging high-class hotel, who tells him of his early years serving as a lobby boy in the hotel's glorious years under an exceptional concierge.;Wes Anderson;Stefan Zweig, Wes Anderson, Hugo Guinness;Ralph Fiennes, F. Murray Abraham, Mathieu Amalric;8.1
Klaus;2019;PG;1h 36m;A simple act of kindness always sparks another, even in a frozen, faraway place. When Smeerensburg's new postman, Jesper, befriends toymaker Klaus, their gifts melt an age-old feud and deliver a sleigh full of holiday traditions.;Sergio Pablos, Carlos Martínez López;Sergio Pablos, Jim Mahoney, Zach Lewis;Jason Schwartzman, J.K. Simmons, Rashida Jones;8.2
Blade Runner;1982;R;1h 57m;A blade runner must pursue and terminate four replicants who stole a ship in space and have returned to Earth to find their creator.;Ridley Scott;Hampton Fancher, David Webb Peoples, Philip K. Dick;Harrison Ford, Rutger Hauer, Sean Young;8.1
12 Years a Slave;2013;R;2h 14m;In the antebellum United States, Solomon Northup, a free black man from upstate New York, is abducted and sold into slavery.;Steve McQueen;John Ridley, Solomon Northup;Chiwetel Ejiofor, Michael Kenneth Williams, Michael Fassbender;8.1
Harry Potter and the Deathly Hallows Part 2;2011;PG-13;2h 10m;Harry, Ron, and Hermione search for Voldemort's remaining Horcruxes in their effort to destroy the Dark Lord as the final battle rages on at Hogwarts.;David Yates;Steve Kloves, J.K. Rowling;Daniel Radcliffe, Emma Watson, Rupert Grint;8.1
Before Sunrise;1995;R;1h 41m;A young man and woman meet on a train in Europe, and wind up spending one evening together in Vienna. Unfortunately, both know that this will probably be their only night together.;Richard Linklater;Richard Linklater, Kim Krizan;Ethan Hawke, Julie Delpy, Andrea Eckert;8.1
Children of Heaven;1997;PG;1h 29m;"After a boy loses his sister's pair of shoes, he goes on a series of adventures in order to find them. When he can't, he tries a new way to ""win"" a new pair.";Majid Majidi;Majid Majidi;Mohammad Amir Naji, Amir Farrokh Hashemian, Bahare Seddiqi;8.2
Million Dollar Baby;2004;PG-13;2h 12m;Frankie, an ill-tempered old coach, reluctantly agrees to train aspiring boxer Maggie. Impressed with her determination and talent, he helps her become the best and the two soon form a close bond.;Clint Eastwood;Paul Haggis, F.X. Toole;Hilary Swank, Clint Eastwood, Morgan Freeman;8.1
Catch Me If You Can;2002;PG-13;2h 21m;Barely 21 yet, Frank is a skilled forger who has passed as a doctor, lawyer and pilot. FBI agent Carl becomes obsessed with tracking down the con man, who only revels in the pursuit.;Steven Spielberg;Jeff Nathanson, Frank Abagnale Jr., Stan Redding;Leonardo DiCaprio, Tom Hanks, Christopher Walken;8.1
The Gold Rush;1925;Passed;1h 35m;A prospector goes to the Klondike during the 1890s gold rush in hopes of making his fortune, and is smitten with a girl he sees in a dance hall.;Charles Chaplin;Charles Chaplin;Charles Chaplin, Mack Swain, Tom Murray;8.1
Gran Torino;2008;R;1h 56m;After a Hmong teenager tries to steal his prized 1972 Gran Torino, a disgruntled, prejudiced Korean War veteran seeks to redeem both the boy and himself.;Clint Eastwood;Nick Schenk, Dave Johannson;Clint Eastwood, Bee Vang, Christopher Carley;8.1
Warrior;2011;PG-13;2h 20m;The youngest son of an alcoholic former boxer returns home, where he's trained by his father for competition in a mixed martial arts tournament - a path that puts the fighter on a collision course with his estranged, older brother.;Gavin O'Connor;Gavin O'Connor, Anthony Tambakis, Cliff Dorfman;Tom Hardy, Nick Nolte, Joel Edgerton;8.1
The Bridge on the River Kwai;1957;PG;2h 41m;British POWs are forced to build a railway bridge across the river Kwai for their Japanese captors in occupied Burma, not knowing that the allied forces are planning a daring commando raid through the jungle to destroy it.;David Lean;Pierre Boulle, Carl Foreman, Michael Wilson;William Holden, Alec Guinness, Jack Hawkins;8.1
My Neighbor Totoro;1988;G;1h 26m;When two girls move to the country to be near their ailing mother, they have adventures with the wondrous forest spirits who live nearby.;Hayao Miyazaki;Hayao Miyazaki;Hitoshi Takagi, Noriko Hidaka, Chika Sakamoto;8.1
Fargo;1996;R;1h 38m;Minnesota car salesman Jerry Lundegaard's inept crime falls apart due to his and his henchmen's bungling and the persistent police work of the quite pregnant Marge Gunderson.;Joel Coen, Ethan Coen;Ethan Coen, Joel Coen;William H. Macy, Frances McDormand, Steve Buscemi;8.1
Trainspotting;1996;R;1h 33m;Renton, deeply immersed in the Edinburgh drug scene, tries to clean up and get out, despite the allure of the drugs and influence of friends.;Danny Boyle;Irvine Welsh, John Hodge;Ewan McGregor, Ewen Bremner, Jonny Lee Miller;8.1
Guardians of the Galaxy Vol. 3;2023;PG-13;2h 30m;Still reeling from the loss of Gamora, Peter Quill rallies his team to defend the universe and one of their own - a mission that could mean the end of the Guardians if not successful.;James Gunn;James Gunn;Chris Pratt, Chukwudi Iwuji, Bradley Cooper;8.2
The Secret in Their Eyes;2009;R;2h 9m;A retired legal counselor writes a novel hoping to find closure for one of his past unresolved homicide cases and for his unreciprocated love with his superior - both of which still haunt him decades later.;Juan José Campanella;Eduardo Sacheri, Juan José Campanella;Ricardo Darín, Soledad Villamil, Pablo Rago;8.2
Howl's Moving Castle;2004;PG;1h 59m;When an unconfident young woman is cursed with an old body by a spiteful witch, her only chance of breaking the spell lies with a self-indulgent yet insecure young wizard and his companions in his legged, walking castle.;Hayao Miyazaki;Hayao Miyazaki, Diana Wynne Jones;Chieko Baishô, Takuya Kimura, Tatsuya Gashûin;8.2
Lock, Stock and Two Smoking Barrels;1998;R;1h 47m;Eddy persuades his three pals to pool money for a vital poker game against a powerful local mobster, Hatchet Harry. Eddy loses, after which Harry gives him a week to pay back 500,000 pounds.;Guy Ritchie;Guy Ritchie;Jason Flemyng, Dexter Fletcher, Nick Moran;8.1
Prisoners;2013;R;2h 33m;When Keller Dover's daughter and her friend go missing, he takes matters into his own hands as the police pursue multiple leads and the pressure mounts.;Denis Villeneuve;Aaron Guzikowski;Hugh Jackman, Jake Gyllenhaal, Viola Davis;8.1
Three Billboards Outside Ebbing, Missouri;2017;R;1h 55m;A mother personally challenges the local authorities to solve her daughter's murder when they fail to catch the culprit.;Martin McDonagh;Martin McDonagh;Frances McDormand, Woody Harrelson, Sam Rockwell;8.1
Inside Out;2015;PG;1h 35m;After young Riley is uprooted from her Midwest life and moved to San Francisco, her emotions - Joy, Fear, Anger, Disgust and Sadness - conflict on how best to navigate a new city, house, and school.;Pete Docter, Ronnie Del Carmen;Pete Docter, Ronnie Del Carmen, Meg LeFauve;Amy Poehler, Bill Hader, Lewis Black;8.1
Gone with the Wind;1939;Passed;3h 58m;A sheltered and manipulative Southern belle and a roguish profiteer face off in a turbulent romance as the society around them crumbles with the end of slavery and is rebuilt during the Civil War and Reconstruction periods.;Victor Fleming, George Cukor, Sam Wood;Margaret Mitchell, Sidney Howard, Oliver H.P. Garrett;Clark Gable, Vivien Leigh, Thomas Mitchell;8.2
Dial M for Murder;1954;PG;1h 45m;A former tennis star arranges the murder of his adulterous wife.;Alfred Hitchcock;Frederick Knott;Ray Milland, Grace Kelly, Robert Cummings;8.2
V for Vendetta;2005;R;2h 12m;"In a future British dystopian society, a shadowy freedom fighter, known only by the alias of ""V"", plots to overthrow the tyrannical government - with the help of a young woman.";James McTeigue;Lilly Wachowski, Lana Wachowski, David Lloyd;Hugo Weaving, Natalie Portman, Rupert Graves;8.2
Spider-Man No Way Home;2021;PG-13;2h 28m;With Spider-Man's identity now revealed, Peter asks Doctor Strange for help. When a spell goes wrong, dangerous foes from other worlds start to appear, forcing Peter to discover what it truly means to be Spider-Man.;Jon Watts;Chris McKenna, Erik Sommers, Stan Lee;Tom Holland, Zendaya, Benedict Cumberbatch;8.2
Finding Nemo;2003;G;1h 40m;After his son is captured in the Great Barrier Reef and taken to Sydney, a timid clownfish sets out on a journey to bring him home.;Andrew Stanton, Lee Unkrich;Andrew Stanton, Bob Peterson, David Reynolds;Albert Brooks, Ellen DeGeneres, Alexander Gould;8.2
The Thing;1982;16+;1h 49m;A research team in Antarctica is hunted by a shape-shifting alien that assumes the appearance of its victims.;John Carpenter;Bill Lancaster, John W. Campbell Jr.;Kurt Russell, Wilford Brimley, Keith David;8.2
Chinatown;1974;R;2h 10m;A private detective hired to expose an adulterer in 1930s Los Angeles finds himself caught up in a web of deceit, corruption, and murder.;Roman Polanski;Robert Towne, Roman Polanski;Jack Nicholson, Faye Dunaway, John Huston;8.2
The Elephant Man;1980;PG;2h 4m;A Victorian surgeon rescues a heavily disfigured man who is mistreated while scraping a living as a side-show freak. Behind his monstrous façade, there is revealed a person of kindness, intelligence and sophistication.;David Lynch;Christopher De Vore, Eric Bergren, David Lynch;Anthony Hopkins, John Hurt, Anne Bancroft;8.2
Rashomon;1950;Not Rated;1h 28m;The rape of a bride and the murder of her samurai husband are recalled from the perspectives of a bandit, the bride, the samurai's ghost and a woodcutter.;Akira Kurosawa;Ryûnosuke Akutagawa, Akira Kurosawa, Shinobu Hashimoto;Toshirô Mifune, Machiko Kyô, Masayuki Mori;8.2
Raging Bull;1980;R;2h 9m;The life of boxer Jake LaMotta, whose violence and temper that led him to the top in the ring destroyed his life outside of it.;Martin Scorsese;Jake LaMotta, Joseph Carter, Peter Savage;Robert De Niro, Cathy Moriarty, Joe Pesci;8.1
The Great Escape;1963;Approved;2h 52m;Allied prisoners of war plan for several hundred of their number to escape from a German camp during World War II.;John Sturges;Paul Brickhill, James Clavell, W.R. Burnett;Steve McQueen, James Garner, Richard Attenborough;8.2
Kill Bill Vol. 1;2003;R;1h 51m;After awakening from a four-year coma, a former assassin wreaks vengeance on the team of assassins who betrayed her.;Quentin Tarantino;Quentin Tarantino, Uma Thurman;Uma Thurman, David Carradine, Daryl Hannah;8.2
The Treasure of the Sierra Madre;1948;Passed;2h 6m;Two down-on-their-luck Americans searching for work in 1920s Mexico convince an old prospector to help them mine for gold in the Sierra Madre Mountains.;John Huston;John Huston, B. Traven;Humphrey Bogart, Walter Huston, Tim Holt;8.2
No Country for Old Men;2007;R;2h 2m;Violence and mayhem ensue after a hunter stumbles upon a drug deal gone wrong and more than two million dollars in cash near the Rio Grande.;Ethan Coen, Joel Coen;Joel Coen, Ethan Coen, Cormac McCarthy;Tommy Lee Jones, Javier Bardem, Josh Brolin;8.2
Jurassic Park;1993;PG-13;2h 7m;A pragmatic paleontologist touring an almost complete theme park on an island in Central America is tasked with protecting a couple of kids after a power failure causes the park's cloned dinosaurs to run loose.;Steven Spielberg;Michael Crichton, David Koepp;Sam Neill, Laura Dern, Jeff Goldblum;8.2
Shutter Island;2010;R;2h 18m;Teddy Daniels and Chuck Aule, two US marshals, are sent to an asylum on a remote island in order to investigate the disappearance of a patient, where Teddy uncovers a shocking truth about the place.;Martin Scorsese;Laeta Kalogridis, Dennis Lehane;Leonardo DiCaprio, Emily Mortimer, Mark Ruffalo;8.2
The Sixth Sense;1999;PG-13;1h 47m;Malcolm Crowe, a child psychologist, starts treating a young boy, Cole, who encounters dead people and convinces him to help them. In turn, Cole helps Malcolm reconcile with his estranged wife.;M. Night Shyamalan;M. Night Shyamalan;Bruce Willis, Haley Joel Osment, Toni Collette;8.2
Monty Python and the Holy Grail;1975;PG;1h 31m;King Arthur and his Knights of the Round Table embark on a surreal, low-budget search for the Holy Grail, encountering many, very silly obstacles.;Terry Gilliam, Terry Jones;Graham Chapman, John Cleese, Eric Idle;Graham Chapman, John Cleese, Eric Idle;8.2
Yojimbo;1961;Not Rated;1h 50m;A crafty ronin comes to a town divided by two criminal gangs and decides to play them against each other to free the town.;Akira Kurosawa;Akira Kurosawa, Ryûzô Kikushima;Toshirô Mifune, Eijirô Tôno, Tatsuya Nakadai;8.2
A Beautiful Mind;2001;PG-13;2h 15m;After John Nash, a brilliant but asocial mathematician, accepts secret work in cryptography, his life takes a turn for the nightmarish.;Ron Howard;Akiva Goldsman, Sylvia Nasar;Russell Crowe, Ed Harris, Jennifer Connelly;8.2
Pan's Labyrinth;2006;R;1h 58m;In the Falangist Spain of 1944, the bookish young stepdaughter of a sadistic army officer escapes into an eerie but captivating fantasy world.;Guillermo del Toro;Guillermo del Toro;Ivana Baquero, Ariadna Gil, Sergi López;8.2
Unforgiven;1992;R;2h 10m;"Retired Old West gunslinger William Munny reluctantly takes on one last job, with the help of his old partner Ned Logan and a young man, The ""Schofield Kid.""";Clint Eastwood;David Webb Peoples;Clint Eastwood, Gene Hackman, Morgan Freeman;8.2
The Truman Show;1998;PG;1h 43m;An insurance salesman discovers his whole life is actually a reality TV show.;Peter Weir;Andrew Niccol;Jim Carrey, Ed Harris, Laura Linney;8.2
There Will Be Blood;2007;R;2h 38m;A story of family, religion, hatred, oil and madness, focusing on a turn-of-the-century prospector in the early days of the business.;Paul Thomas Anderson;Paul Thomas Anderson, Upton Sinclair;Daniel Day-Lewis, Paul Dano, Ciarán Hinds;8.2
Casino;1995;R;2h 58m;In Las Vegas, two best friends - a mafia enforcer and a casino executive - compete for a gambling empire and a fast-living, fast-loving socialite.;Martin Scorsese;Nicholas Pileggi, Martin Scorsese;Robert De Niro, Sharon Stone, Joe Pesci;8.2
All About Eve;1950;Passed;2h 18m;A seemingly timid but secretly ruthless ingénue insinuates herself into the lives of an aging Broadway star and her circle of theater friends.;Joseph L. Mankiewicz;Joseph L. Mankiewicz, Mary Orr;Bette Davis, Anne Baxter, George Sanders;8.2
The Wolf of Wall Street;2013;R;3h;Based on the true story of Jordan Belfort, from his rise to a wealthy stock-broker living the high life to his fall involving crime, corruption and the federal government.;Martin Scorsese;Terence Winter, Jordan Belfort;Leonardo DiCaprio, Jonah Hill, Margot Robbie;8.2
Ran;1985;R;2h 42m;In Medieval Japan, an elderly warlord retires, handing over his empire to his three sons. However, he vastly underestimates how the new-found power will corrupt them and cause them to turn on each other...and him.;Akira Kurosawa;Akira Kurosawa, Hideo Oguni, Masato Ide;Tatsuya Nakadai, Akira Terao, Jinpachi Nezu;8.2
Green Book;2018;PG-13;2h 10m;A working-class Italian-American bouncer becomes the driver for an African-American classical pianist on a tour of venues through the 1960s American South.;Peter Farrelly;Nick Vallelonga, Brian Hayes Currie, Peter Farrelly;Viggo Mortensen, Mahershala Ali, Linda Cardellini;8.2
Some Like It Hot;1959;Passed;2h 1m;After two male musicians witness a mob hit, they flee the state in an all-female band disguised as women, but further complications set in.;Billy Wilder;Billy Wilder, I.A.L. Diamond, Robert Thoeren;Marilyn Monroe, Tony Curtis, Jack Lemmon;8.2
The Father;2020;PG-13;1h 37m;A man refuses all assistance from his daughter as he ages. As he tries to make sense of his changing circumstances, he begins to doubt his loved ones, his own mind and even the fabric of his reality.;Florian Zeller;Christopher Hampton, Florian Zeller;Anthony Hopkins, Olivia Colman, Mark Gatiss;8.2
Judgment at Nuremberg;1961;Approved;2h 59m;In 1948, an American court in occupied Germany tries four Nazis judged for war crimes.;Stanley Kramer;Abby Mann, Montgomery Clift;Spencer Tracy, Burt Lancaster, Richard Widmark;8.3
Batman Begins;2005;PG-13;2h 20m;After witnessing his parents' death, Bruce learns the art of fighting to confront injustice. When he returns to Gotham as Batman, he must stop a secret society that intends to destroy the city.;Christopher Nolan;Bob Kane, David S. Goyer, Christopher Nolan;Christian Bale, Michael Caine, Ken Watanabe;8.2
For a Few Dollars More;1965;R;2h 12m;Two bounty hunters with the same intentions team up to track down an escaped Mexican outlaw.;Sergio Leone;Sergio Leone, Fulvio Morsella, Luciano Vincenzoni;Clint Eastwood, Lee Van Cleef, Gian Maria Volontè;8.2
Top Gun Maverick;2022;PG-13;2h 10m;After thirty years, Maverick is still pushing the envelope as a top naval aviator, but must confront ghosts of his past when he leads TOP GUN's elite graduates on a mission that demands the ultimate sacrifice from those chosen to fly it.;Joseph Kosinski;Jim Cash, Jack Epps Jr., Peter Craig;Tom Cruise, Jennifer Connelly, Miles Teller;8.3
The Kid;1921;Passed;1h 8m;The Tramp cares for an abandoned child, but events put their relationship in jeopardy.;Charles Chaplin;Charles Chaplin;Charles Chaplin, Edna Purviance, Jackie Coogan;8.3
Downfall;2004;R;2h 36m;Traudl Junge, the final secretary for Adolf Hitler, tells of the Nazi dictator's final days in his Berlin bunker at the end of WWII.;Oliver Hirschbiegel;Bernd Eichinger, Joachim Fest, Traudl Junge;Bruno Ganz, Alexandra Maria Lara, Ulrich Matthes;8.2
1917;2019;R;1h 59m;April 6th, 1917. As an infantry battalion assembles to wage war deep in enemy territory, two soldiers are assigned to race against time and deliver a message that will stop 1,600 men from walking straight into a deadly trap.;Sam Mendes;Sam Mendes, Krysty Wilson-Cairns;Dean-Charles Chapman, George MacKay, Daniel Mays;8.2
Dangal;2016;Not Rated;2h 41m;Former wrestler Mahavir Singh Phogat and his two wrestler daughters struggle towards glory at the Commonwealth Games in the face of societal oppression.;Nitesh Tiwari;Piyush Gupta, Shreyas Jain, Nikhil Mehrotra;Aamir Khan, Sakshi Tanwar, Fatima Sana Shaikh;8.3
Taxi Driver;1976;R;1h 54m;A mentally unstable veteran works as a nighttime taxi driver in New York City, where the perceived decadence and sleaze fuels his urge for violent action.;Martin Scorsese;Paul Schrader;Robert De Niro, Jodie Foster, Cybill Shepherd;8.2
Like Stars on Earth;2007;PG;2h 45m;An eight-year-old boy is thought to be a lazy trouble-maker, until the new art teacher has the patience and compassion to discover the real problem behind his struggles in school.;Aamir Khan, Amole Gupte;Amole Gupte;Darsheel Safary, Aamir Khan, Tanay Chheda;8.3
Bicycle Thieves;1948;Not Rated;1h 29m;In post-war Italy, a working-class man's bicycle is stolen, endangering his efforts to find work. He and his son set out to find it.;Vittorio De Sica;Cesare Zavattini, Luigi Bartolini, Oreste Biancoli;Lamberto Maggiorani, Enzo Staiola, Lianella Carell;8.3
Indiana Jones and the Last Crusade;1989;PG-13;2h 7m;In 1938, after his father goes missing while pursuing the Holy Grail, Indiana Jones finds himself up against the Nazis again to stop them from obtaining its powers.;Steven Spielberg;Jeffrey Boam, George Lucas, Menno Meyjes;Harrison Ford, Sean Connery, Alison Doody;8.2
Snatch;2000;R;1h 42m;Unscrupulous boxing promoters, violent bookmakers, a Russian gangster, incompetent amateur robbers and supposedly Jewish jewelers fight to track down a priceless stolen diamond.;Guy Ritchie;Guy Ritchie;Jason Statham, Brad Pitt, Stephen Graham;8.2
Metropolis;1927;Not Rated;2h 33m;In a futuristic city sharply divided between the working class and the city planners, the son of the city's mastermind falls in love with a working-class prophet who predicts the coming of a savior to mediate their differences.;Fritz Lang;Thea von Harbou, Fritz Lang;Brigitte Helm, Alfred Abel, Gustav Fröhlich;8.3
Die Hard;1988;R;2h 12m;A New York City police officer tries to save his estranged wife and several others taken hostage by terrorists during a Christmas party at the Nakatomi Plaza in Los Angeles.;John McTiernan;Roderick Thorp, Jeb Stuart, Steven E. de Souza;Bruce Willis, Alan Rickman, Bonnie Bedelia;8.2
A Separation;2011;PG-13;2h 3m;A married couple are faced with a difficult decision - to improve the life of their child by moving to another country or to stay in Iran and look after a deteriorating parent who has Alzheimer's disease.;Asghar Farhadi;Asghar Farhadi;Payman Maadi, Leila Hatami, Sareh Bayat;8.3
L.A. Confidential;1997;R;2h 18m;As corruption grows in 1950s Los Angeles, three policemen - one strait-laced, one brutal, and one sleazy - investigate a series of murders with their own brand of justice.;Curtis Hanson;James Ellroy, Brian Helgeland, Curtis Hanson;Kevin Spacey, Russell Crowe, Guy Pearce;8.2
The Sting;1973;PG;2h 9m;Two grifters team up to pull off the ultimate con.;George Roy Hill;David S. Ward;Paul Newman, Robert Redford, Robert Shaw;8.3
Up;2009;PG;1h 36m;78-year-old Carl Fredricksen travels to Paradise Falls in his house equipped with balloons, inadvertently taking a young stowaway.;Pete Docter, Bob Peterson;Pete Docter, Bob Peterson, Tom McCarthy;Edward Asner, Jordan Nagai, John Ratzenberger;8.3
To Kill a Mockingbird;1962;Approved;2h 9m;Atticus Finch, a widowed lawyer in Depression-era Alabama, defends a Black man against an undeserved rape charge, and tries to educate his young children against prejudice.;Robert Mulligan;Harper Lee, Horton Foote;Gregory Peck, John Megna, Frank Overton;8.3
Incendies;2010;R;2h 11m;Twins journey to the Middle East to discover their family history and fulfill their mother's last wishes.;Denis Villeneuve;Denis Villeneuve, Wajdi Mouawad, Valérie Beaugrand-Champagne;Lubna Azabal, Mélissa Désormeaux-Poulin, Maxim Gaudette;8.3
Scarface;1983;R;2h 50m;In 1980 Miami, a determined Cuban immigrant takes over a drug cartel and succumbs to greed.;Brian De Palma;Oliver Stone, Howard Hawks, Ben Hecht;Al Pacino, Michelle Pfeiffer, Steven Bauer;8.3
Heat;1995;R;2h 50m;A group of high-end professional thieves start to feel the heat from the LAPD when they unknowingly leave a clue at their latest heist.;Michael Mann;Michael Mann;Al Pacino, Robert De Niro, Val Kilmer;8.3
Full Metal Jacket;1987;16+;1h 56m;A pragmatic U.S. Marine observes the dehumanizing effects the Vietnam War has on his fellow recruits from their brutal boot camp training to the bloody street fighting in Hue.;Stanley Kubrick;Stanley Kubrick, Michael Herr, Gustav Hasford;Matthew Modine, R. Lee Ermey, Vincent D'Onofrio;8.3
Vertigo;1958;PG;2h 8m;A former San Francisco police detective juggles wrestling with his personal demons and becoming obsessed with the hauntingly beautiful woman he has been hired to trail, who may be deeply disturbed.;Alfred Hitchcock;Alec Coppel, Samuel A. Taylor, Pierre Boileau;James Stewart, Kim Novak, Barbara Bel Geddes;8.3
A Clockwork Orange;1971;X;2h 16m;In the future, a sadistic gang leader is imprisoned and volunteers for a conduct-aversion experiment, but it doesn't go as planned.;Stanley Kubrick;Stanley Kubrick, Anthony Burgess;Malcolm McDowell, Patrick Magee, Michael Bates;8.3
Hamilton;2020;PG-13;2h 40m;The real life of one of America's foremost founding fathers and first Secretary of the Treasury, Alexander Hamilton. Captured live on Broadway from the Richard Rodgers Theater with the original Broadway cast.;Thomas Kail;Lin-Manuel Miranda, Ron Chernow;Lin-Manuel Miranda, Phillipa Soo, Leslie Odom Jr.;8.4
Double Indemnity;1944;Passed;1h 47m;A Los Angeles insurance representative lets an alluring housewife seduce him into a scheme of insurance fraud and murder that arouses the suspicion of his colleague, an insurance investigator.;Billy Wilder;Billy Wilder, Raymond Chandler, James M. Cain;Fred MacMurray, Barbara Stanwyck, Edward G. Robinson;8.3
North by Northwest;1959;Approved;2h 16m;A New York City advertising executive goes on the run after being mistaken for a government agent by a group of foreign spies, and falls for a woman whose loyalties he begins to doubt.;Alfred Hitchcock;Ernest Lehman;Cary Grant, Eva Marie Saint, James Mason;8.3
Ikiru;1952;Not Rated;2h 23m;A bureaucrat tries to find meaning in his life after he discovers he has terminal cancer.;Akira Kurosawa;Akira Kurosawa, Shinobu Hashimoto, Hideo Oguni;Takashi Shimura, Nobuo Kaneko, Shin'ichi Himori;8.3
The Apartment;1960;Approved;2h 5m;A Manhattan insurance clerk tries to rise in his company by letting its executives use his apartment for trysts, but complications and a romance of his own ensue.;Billy Wilder;Billy Wilder, I.A.L. Diamond;Jack Lemmon, Shirley MacLaine, Fred MacMurray;8.3
Amélie;2001;R;2h 2m;Despite being caught in her imaginative world, Amelie, a young waitress, decides to help people find happiness. Her quest to spread joy leads her on a journey where she finds true love.;Jean-Pierre Jeunet;Guillaume Laurant, Jean-Pierre Jeunet;Audrey Tautou, Mathieu Kassovitz, Rufus;8.3
Lawrence of Arabia;1962;Approved;3h 38m;The story of T.E. Lawrence, the English officer who successfully united and led the diverse, often warring, Arab tribes during World War I in order to fight the Turks.;David Lean;Robert Bolt, Michael Wilson;Peter O'Toole, Alec Guinness, Anthony Quinn;8.3
Citizen Kane;1941;PG;1h 59m;Following the death of publishing tycoon Charles Foster Kane, reporters scramble to uncover the meaning of his final utterance: 'Rosebud.';Orson Welles;Herman J. Mankiewicz, Orson Welles, John Houseman;Orson Welles, Joseph Cotten, Dorothy Comingore;8.3
Reservoir Dogs;1992;R;1h 39m;When a simple jewelry heist goes horribly wrong, the surviving criminals begin to suspect that one of them is a police informant.;Quentin Tarantino;Quentin Tarantino, Roger Avary;Harvey Keitel, Tim Roth, Michael Madsen;8.3
The Hunt;2012;R;1h 55m;A teacher lives a lonely life, all the while struggling over his son's custody. His life slowly gets better as he finds love and receives good news from his son, but his new luck is about to be brutally shattered by an innocent little lie.;Thomas Vinterberg;Thomas Vinterberg, Tobias Lindholm;Mads Mikkelsen, Thomas Bo Larsen, Annika Wedderkopp;8.3
Eternal Sunshine of the Spotless Mind;2004;R;1h 48m;When their relationship turns sour, a couple undergoes a medical procedure to have each other erased from their memories for ever.;Michel Gondry;Charlie Kaufman, Michel Gondry, Pierre Bismuth;Jim Carrey, Kate Winslet, Tom Wilkinson;8.3
M;1931;Passed;1h 39m;When the police in a German city are unable to catch a child-murderer, other criminals join in the manhunt.;Fritz Lang;Thea von Harbou, Fritz Lang, Egon Jacobsohn;Peter Lorre, Ellen Widmann, Inge Landgut;8.3
2001 A Space Odyssey;1968;G;2h 29m;After uncovering a mysterious artifact buried beneath the Lunar surface, a spacecraft is sent to Jupiter to find its origins - a spacecraft manned by two men and the supercomputer H.A.L. 9000.;Stanley Kubrick;Stanley Kubrick, Arthur C. Clarke;Keir Dullea, Gary Lockwood, William Sylvester;8.3
Come and See;1985;Not Rated;2h 22m;After finding an old rifle, a young boy joins the Soviet resistance movement against ruthless German forces and experiences the horrors of World War II.;Elem Klimov;Ales Adamovich, Elem Klimov;Aleksey Kravchenko, Olga Mironova, Liubomiras Laucevicius;8.4
Toy Story 3;2010;G;1h 43m;The toys are mistakenly delivered to a day-care center instead of the attic right before Andy leaves for college, and it's up to Woody to convince the other toys that they weren't abandoned and to return home.;Lee Unkrich;John Lasseter, Andrew Stanton, Lee Unkrich;Tom Hanks, Tim Allen, Joan Cusack;8.3
High and Low;1963;Not Rated;2h 23m;An executive of a Yokohama shoe company becomes a victim of extortion when his chauffeur's son is kidnapped by mistake and held for ransom.;Akira Kurosawa;Hideo Oguni, Ryûzô Kikushima, Eijirô Hisaita;Toshirô Mifune, Yutaka Sada, Tatsuya Nakadai;8.4
Singin' in the Rain;1952;G;1h 43m;A silent film star falls for a chorus girl just as he and his delusionally jealous screen partner are trying to make the difficult transition to talking pictures in 1920s Hollywood.;Stanley Donen, Gene Kelly;Betty Comden, Adolph Green;Gene Kelly, Donald O'Connor, Debbie Reynolds;8.3
Capernaum;2018;R;2h 6m;While serving a five-year sentence for a violent crime, a 12-year-old boy sues his parents for neglect.;Nadine Labaki;Nadine Labaki, Jihad Hojeily, Michelle Keserwany;Zain Al Rafeea, Yordanos Shiferaw, Boluwatife Treasure Bankole;8.4
Star Wars Episode VI - Return of the Jedi;1983;PG;2h 11m;After rescuing Han Solo from Jabba the Hutt, the Rebels attempt to destroy the second Death Star, while Luke struggles to help Darth Vader back from the dark side.;Richard Marquand;Lawrence Kasdan, George Lucas;Mark Hamill, Harrison Ford, Carrie Fisher;8.3
Requiem for a Dream;2000;Unrated;1h 42m;The drug-induced utopias of four Coney Island people are shattered when their addictions run deep.;Darren Aronofsky;Hubert Selby Jr., Darren Aronofsky;Ellen Burstyn, Jared Leto, Jennifer Connelly;8.3
3 Idiots;2009;PG-13;2h 50m;"Two friends are searching for their long lost companion. They revisit their college days and recall the memories of their friend who inspired them to think differently, even as the rest of the world called them ""idiots"".";Rajkumar Hirani;Abhijat Joshi, Rajkumar Hirani, Vidhu Vinod Chopra;Aamir Khan, Madhavan, Mona Singh;8.4
Your Name.;2016;TV-PG;1h 46m;Two teenagers share a profound, magical connection upon discovering they are swapping bodies. Things manage to become even more complicated when the boy and girl decide to meet in person.;Makoto Shinkai;Makoto Shinkai, Clark Cheng;Ryunosuke Kamiki, Mone Kamishiraishi, Ryo Narita;8.4
Once Upon a Time in America;1984;R;3h 49m;A former Prohibition-era Jewish gangster returns to the Lower East Side of Manhattan 35 years later, where he must once again confront the ghosts and regrets of his old life.;Sergio Leone;Harry Grey, Leonardo Benvenuti, Piero De Bernardi;Robert De Niro, James Woods, Elizabeth McGovern;8.3
Princess Mononoke;1997;PG-13;2h 14m;On a journey to find the cure for a Tatarigami's curse, Ashitaka finds himself in the middle of a war between the forest gods and Tatara, a mining colony. In this quest he also meets San, the Mononoke Hime.;Hayao Miyazaki;Hayao Miyazaki, Neil Gaiman;Yôji Matsuda, Yuriko Ishida, Yûko Tanaka;8.3
Good Will Hunting;1997;R;2h 6m;Will Hunting, a janitor at M.I.T., has a gift for mathematics, but needs help from a psychologist to find direction in his life.;Gus Van Sant;Matt Damon, Ben Affleck;Robin Williams, Matt Damon, Ben Affleck;8.3
Joker;2019;R;2h 2m;The rise of Arthur Fleck, from aspiring stand-up comedian and pariah to Gotham's clown prince and leader of the revolution.;Todd Phillips;Todd Phillips, Scott Silver, Bob Kane;Joaquin Phoenix, Robert De Niro, Zazie Beetz;8.4
Avengers Endgame;2019;PG-13;3h 1m;After the devastating events of Avengers: Infinity War (2018), the universe is in ruins. With the help of remaining allies, the Avengers assemble once more in order to reverse Thanos' actions and restore balance to the universe.;Anthony Russo, Joe Russo;Christopher Markus, Stephen McFeely, Stan Lee;Robert Downey Jr., Chris Evans, Mark Ruffalo;8.4
Coco;2017;PG;1h 45m;Aspiring musician Miguel, confronted with his family's ancestral ban on music, enters the Land of the Dead to find his great-great-grandfather, a legendary singer.;Lee Unkrich, Adrian Molina;Lee Unkrich, Jason Katz, Matthew Aldrich;Anthony Gonzalez, Gael García Bernal, Benjamin Bratt;8.4
Braveheart;1995;R;2h 58m;Scottish warrior William Wallace leads his countrymen in a rebellion to free his homeland from the tyranny of King Edward I of England.;Mel Gibson;Randall Wallace;Mel Gibson, Sophie Marceau, Patrick McGoohan;8.3
Toy Story;1995;G;1h 21m;A cowboy doll is profoundly threatened and jealous when a new spaceman action figure supplants him as top toy in a boy's bedroom.;John Lasseter;John Lasseter, Pete Docter, Andrew Stanton;Tom Hanks, Tim Allen, Don Rickles;8.3
Oldboy;2003;R;2h;After being kidnapped and imprisoned for fifteen years, Oh Dae-Su is released, only to find that he must find his captor in five days.;Park Chan-wook;Garon Tsuchiya, Nobuaki Minegishi, Park Chan-wook;Choi Min-sik, Yoo Ji-tae, Kang Hye-jeong;8.4
Inglourious Basterds;2009;R;2h 33m;In Nazi-occupied France during World War II, a plan to assassinate Nazi leaders by a group of Jewish U.S. soldiers coincides with a theatre owner's vengeful plans for the same.;Quentin Tarantino;Quentin Tarantino;Brad Pitt, Diane Kruger, Eli Roth;8.3
The Dark Knight Rises;2012;PG-13;2h 44m;Eight years after the Joker's reign of chaos, Batman is coerced out of exile with the assistance of the mysterious Selina Kyle in order to defend Gotham City from the vicious guerrilla terrorist Bane.;Christopher Nolan;Jonathan Nolan, Christopher Nolan, David S. Goyer;Christian Bale, Tom Hardy, Anne Hathaway;8.4
Amadeus;1984;PG;2h 40m;The life, success and troubles of Wolfgang Amadeus Mozart, as told by Antonio Salieri, the contemporaneous composer who was deeply jealous of Mozart's talent and claimed to have murdered him.;Milos Forman;Peter Shaffer, Zdenek Mahler;F. Murray Abraham, Tom Hulce, Elizabeth Berridge;8.4
American Beauty;1999;R;2h 2m;A sexually frustrated suburban father has a mid-life crisis after becoming infatuated with his daughter's best friend.;Sam Mendes;Alan Ball;Kevin Spacey, Annette Bening, Thora Birch;8.3
Spider-Man Into the Spider-Verse;2018;PG;1h 57m;Teen Miles Morales becomes the Spider-Man of his universe and must join with five spider-powered individuals from other dimensions to stop a threat for all realities.;Bob Persichetti, Peter Ramsey, Rodney Rothman;Phil Lord, Rodney Rothman;Shameik Moore, Jake Johnson, Hailee Steinfeld;8.4
Aliens;1986;R;2h 17m;Decades after surviving the Nostromo incident, Ellen Ripley is sent out to re-establish contact with a terraforming colony but finds herself battling the Alien Queen and her offspring.;James Cameron;James Cameron, David Giler, Walter Hill;Sigourney Weaver, Michael Biehn, Carrie Henn;8.4
Dr. Strangelove or How I Learned to Stop Worrying and Love the Bomb;1964;PG;1h 35m;An insane American general orders a bombing attack on the Soviet Union, triggering a path to nuclear holocaust that a war room full of politicians and generals frantically tries to stop.;Stanley Kubrick;Stanley Kubrick, Terry Southern, Peter George;Peter Sellers, George C. Scott, Sterling Hayden;8.4
Witness for the Prosecution;1957;Approved;1h 56m;A veteran British barrister must defend his client in a murder trial that has surprise after surprise.;Billy Wilder;Agatha Christie, Billy Wilder, Harry Kurnitz;Tyrone Power, Marlene Dietrich, Charles Laughton;8.4
The Shining;1980;R;2h 26m;A family heads to an isolated hotel for the winter where a sinister presence influences the father into violence, while his psychic son sees horrific forebodings from both past and future.;Stanley Kubrick;Stephen King, Stanley Kubrick, Diane Johnson;Jack Nicholson, Shelley Duvall, Danny Lloyd;8.4
Avengers Infinity War;2018;PG-13;2h 29m;The Avengers and their allies must be willing to sacrifice all in an attempt to defeat the powerful Thanos before his blitz of devastation and ruin puts an end to the universe.;Anthony Russo, Joe Russo;Christopher Markus, Stephen McFeely, Stan Lee;Robert Downey Jr., Chris Hemsworth, Mark Ruffalo;8.4
The Great Dictator;1940;G;2h 5m;Dictator Adenoid Hynkel tries to expand his empire while a poor Jewish barber tries to avoid persecution from Hynkel's regime.;Charles Chaplin;Charles Chaplin;Charles Chaplin, Paulette Goddard, Jack Oakie;8.4
Sunset Blvd.;1950;Passed;1h 50m;A screenwriter develops a dangerous relationship with a faded film star determined to make a triumphant return.;Billy Wilder;Charles Brackett, Billy Wilder, D.M. Marshman Jr.;William Holden, Gloria Swanson, Erich von Stroheim;8.4
The Lives of Others;2006;R;2h 17m;In 1984 East Berlin, an agent of the secret police, conducting surveillance on a writer and his lover, finds himself becoming increasingly absorbed by their lives.;Florian Henckel von Donnersmarck;Florian Henckel von Donnersmarck;Ulrich Mühe, Martina Gedeck, Sebastian Koch;8.4
Indiana Jones and the Raiders of the Lost Ark;1981;PG;1h 55m;In 1936, archaeologist and adventurer Indiana Jones is hired by the U.S. government to find the Ark of the Covenant before the Nazis can obtain its awesome powers.;Steven Spielberg;Lawrence Kasdan, George Lucas, Philip Kaufman;Harrison Ford, Karen Allen, Paul Freeman;8.4
Paths of Glory;1957;Approved;1h 28m;After refusing to attack an enemy position, a general accuses the soldiers of cowardice and their commanding officer must defend them.;Stanley Kubrick;Stanley Kubrick, Calder Willingham, Jim Thompson;Kirk Douglas, Ralph Meeker, Adolphe Menjou;8.4
WALL·E;2008;G;1h 38m;In the distant future, a small waste-collecting robot inadvertently embarks on a space journey that will ultimately decide the fate of mankind.;Andrew Stanton;Andrew Stanton, Pete Docter, Jim Reardon;Ben Burtt, Elissa Knight, Jeff Garlin;8.4
Django Unchained;2012;R;2h 45m;With the help of a German bounty-hunter, a freed slave sets out to rescue his wife from a brutal plantation owner in Mississippi.;Quentin Tarantino;Quentin Tarantino;Jamie Foxx, Christoph Waltz, Leonardo DiCaprio;8.4
Memento;2000;R;1h 53m;A man with short-term memory loss attempts to track down his wife's murderer.;Christopher Nolan;Christopher Nolan, Jonathan Nolan;Guy Pearce, Carrie-Anne Moss, Joe Pantoliano;8.4
Apocalypse Now;1979;R;2h 27m;A U.S. Army officer serving in Vietnam is tasked with assassinating a renegade Special Forces Colonel who sees himself as a god.;Francis Ford Coppola;John Milius, Francis Ford Coppola, Michael Herr;Martin Sheen, Marlon Brando, Robert Duvall;8.4
Once Upon a Time in the West;1968;PG-13;2h 45m;A mysterious stranger with a harmonica joins forces with a notorious desperado to protect a beautiful widow from a ruthless assassin working for the railroad.;Sergio Leone;Sergio Donati, Sergio Leone, Dario Argento;Henry Fonda, Charles Bronson, Claudia Cardinale;8.5
Alien;1979;R;1h 57m;The crew of a commercial spacecraft encounter a deadly lifeform after investigating an unknown transmission.;Ridley Scott;Dan O'Bannon, Ronald Shusett;Sigourney Weaver, Tom Skerritt, John Hurt;8.5
Rear Window;1954;PG;1h 52m;A photographer in a wheelchair spies on his neighbors from his Greenwich Village courtyard apartment window, and becomes convinced one of them has committed murder, despite the skepticism of his fashion-model girlfriend.;Alfred Hitchcock;John Michael Hayes, Cornell Woolrich;James Stewart, Grace Kelly, Wendell Corey;8.5
Cinema Paradiso;1988;PG;2h 35m;A filmmaker recalls his childhood when falling in love with the pictures at the cinema of his home village and forms a deep friendship with the cinema's projectionist.;Giuseppe Tornatore;Giuseppe Tornatore, Vanna Paoli;Philippe Noiret, Enzo Cannavale, Antonella Attili;8.5
Harakiri;1962;Not Rated;2h 13m;When a ronin requesting seppuku at a feudal lord's palace is told of the brutal suicide of another ronin who previously visited, he reveals how their pasts are intertwined - and in doing so challenges the clan's integrity.;Masaki Kobayashi;Yasuhiko Takiguchi, Shinobu Hashimoto;Tatsuya Nakadai, Akira Ishihama, Shima Iwashita;8.6
The Intouchables;2011;R;1h 52m;After he becomes a quadriplegic from a paragliding accident, an aristocrat hires a young man from the projects to be his caregiver.;Olivier Nakache, Éric Toledano;Olivier Nakache, Éric Toledano, Philippe Pozzo di Borgo;François Cluzet, Omar Sy, Anne Le Ny;8.5
City Lights;1931;G;1h 27m;With the aid of a wealthy erratic tippler, a dewy-eyed tramp who has fallen in love with a sightless flower girl accumulates money to be able to help her medically.;Charles Chaplin;Charles Chaplin, Harry Carr, Harry Crocker;Charles Chaplin, Virginia Cherrill, Florence Lee;8.5
Modern Times;1936;G;1h 27m;The Tramp struggles to live in modern industrial society with the help of a young homeless woman.;Charles Chaplin;Charles Chaplin;Charles Chaplin, Paulette Goddard, Henry Bergman;8.5
Grave of the Fireflies;1988;Not Rated;1h 29m;A young boy and his little sister struggle to survive in Japan during World War II.;Isao Takahata;Akiyuki Nosaka, Isao Takahata;Tsutomu Tatsumi, Ayano Shiraishi, Akemi Yamaguchi;8.5
The Usual Suspects;1995;R;1h 46m;The sole survivor of a pier shoot-out tells the story of how a notorious criminal influenced the events that began with five criminals meeting in a seemingly random police lineup.;Bryan Singer;Christopher McQuarrie;Kevin Spacey, Gabriel Byrne, Chazz Palminteri;8.5
Casablanca;1942;PG;1h 42m;A cynical expatriate American cafe owner struggles to decide whether or not to help his former lover and her fugitive husband escape the Nazis in French Morocco.;Michael Curtiz;Julius J. Epstein, Philip G. Epstein, Howard Koch;Humphrey Bogart, Ingrid Bergman, Paul Henreid;8.5
The Prestige;2006;PG-13;2h 10m;After a tragic accident, two stage magicians in 1890s London engage in a battle to create the ultimate illusion while sacrificing everything they have to outwit each other.;Christopher Nolan;Jonathan Nolan, Christopher Nolan, Christopher Priest;Christian Bale, Hugh Jackman, Scarlett Johansson;8.5
Whiplash;2014;R;1h 46m;A promising young drummer enrolls at a cut-throat music conservatory where his dreams of greatness are mentored by an instructor who will stop at nothing to realize a student's potential.;Damien Chazelle;Damien Chazelle;Miles Teller, J.K. Simmons, Melissa Benoist;8.5
The Lion King;1994;G;1h 28m;Lion prince Simba and his father are targeted by his bitter uncle, who wants to ascend the throne himself.;Roger Allers, Rob Minkoff;Irene Mecchi, Jonathan Roberts, Linda Woolverton;Matthew Broderick, Jeremy Irons, James Earl Jones;8.5
American History X;1998;R;1h 59m;"Living a life marked by violence, neo-Nazi Derek finally goes to prison after killing two black youths. Upon his release, Derek vows to change; he hopes to prevent his brother, Danny, who idolizes Derek, from following in his footsteps.";Tony Kaye;David McKenna;Edward Norton, Edward Furlong, Beverly D'Angelo;8.5
Léon The Professional;1994;R;1h 50m;12-year-old Mathilda is reluctantly taken in by Léon, a professional assassin, after her family is murdered. An unusual relationship forms as she becomes his protégée and learns the assassin's trade.;Luc Besson;Luc Besson;Jean Reno, Gary Oldman, Natalie Portman;8.5
Psycho;1960;R;1h 49m;A Phoenix secretary embezzles $40,000 from her employer's client, goes on the run and checks into a remote motel run by a young man under the domination of his mother.;Alfred Hitchcock;Joseph Stefano, Robert Bloch;Anthony Perkins, Janet Leigh, Vera Miles;8.5
The Pianist;2002;R;2h 30m;A Polish Jewish musician struggles to survive the destruction of the Warsaw ghetto of World War II.;Roman Polanski;Ronald Harwood, Wladyslaw Szpilman;Adrien Brody, Thomas Kretschmann, Frank Finlay;8.5
Parasite;2019;R;2h 12m;Greed and class discrimination threaten the newly formed symbiotic relationship between the wealthy Park family and the destitute Kim clan.;Bong Joon Ho;Bong Joon Ho, Han Jin-won;Song Kang-ho, Lee Sun-kyun, Cho Yeo-jeong;8.5
Terminator 2 Judgment Day;1991;R;2h 17m;A cyborg, identical to the one who failed to kill Sarah Connor, must now protect her 10-year old son John from an even more advanced and powerful cyborg.;James Cameron;James Cameron, William Wisher;Arnold Schwarzenegger, Linda Hamilton, Edward Furlong;8.6
Spirited Away;2001;PG;2h 5m;During her family's move to the suburbs, a sullen 10-year-old girl wanders into a world ruled by gods, witches and spirits, a world where humans are changed into beasts.;Hayao Miyazaki;Hayao Miyazaki;Daveigh Chase, Suzanne Pleshette, Miyu Irino;8.6
Gladiator;2000;R;2h 35m;A former Roman General sets out to exact vengeance against the corrupt emperor who murdered his family and sent him into slavery.;Ridley Scott;David Franzoni, John Logan, William Nicholson;Russell Crowe, Joaquin Phoenix, Connie Nielsen;8.5
The Departed;2006;R;2h 31m;An undercover cop and a mole in the police attempt to identify each other while infiltrating an Irish gang in South Boston.;Martin Scorsese;William Monahan, Alan Mak, Felix Chong;Leonardo DiCaprio, Matt Damon, Jack Nicholson;8.5
The Green Mile;1999;R;3h 9m;A tale set on death row in a Southern jail, where gentle giant John possesses the mysterious power to heal people's ailments. When the lead guard, Paul, recognizes John's gift, he tries to help stave off the condemned man's execution.;Frank Darabont;Stephen King, Frank Darabont;Tom Hanks, Michael Clarke Duncan, David Morse;8.6
Star Wars Episode IV - A New Hope;1977;PG;2h 1m;Luke Skywalker joins forces with a Jedi Knight, a cocky pilot, a Wookiee and two droids to save the galaxy from the Empire's world-destroying battle station, while also attempting to rescue Princess Leia from the mysterious Darth Vader.;George Lucas;George Lucas;Mark Hamill, Harrison Ford, Carrie Fisher;8.6
Back to the Future;1985;PG;1h 56m;Marty McFly, a 17-year-old high school student, is accidentally sent 30 years into the past in a time-traveling DeLorean invented by his close friend, the maverick scientist Doc Brown.;Robert Zemeckis;Robert Zemeckis, Bob Gale;Michael J. Fox, Christopher Lloyd, Lea Thompson;8.5
Life Is Beautiful;1997;PG-13;1h 56m;When an open-minded Jewish waiter and his son become victims of the Holocaust, he uses a perfect mixture of will, humor and imagination to protect his son from the dangers around their camp.;Roberto Benigni;Vincenzo Cerami, Roberto Benigni;Roberto Benigni, Nicoletta Braschi, Giorgio Cantarini;8.6
City of God;2002;R;2h 10m;In the slums of Rio, two kids' paths diverge as one struggles to become a photographer and the other a kingpin.;Fernando Meirelles, Kátia Lund;Paulo Lins, Bráulio Mantovani;Alexandre Rodrigues, Leandro Firmino, Matheus Nachtergaele;8.6
The Lord of the Rings The Fellowship of the Ring;2001;PG-13;2h 58m;A meek Hobbit from the Shire and eight companions set out on a journey to destroy the powerful One Ring and save Middle-earth from the Dark Lord Sauron.;Peter Jackson;J.R.R. Tolkien, Fran Walsh, Philippa Boyens;Elijah Wood, Ian McKellen, Orlando Bloom;8.8
Pulp Fiction;1994;R;2h 34m;The lives of two mob hitmen, a boxer, a gangster and his wife, and a pair of diner bandits intertwine in four tales of violence and redemption.;Quentin Tarantino;Quentin Tarantino, Roger Avary;John Travolta, Uma Thurman, Samuel L. Jackson;8.9
The Lord of the Rings The Return of the King;2003;PG-13;3h 21m;Gandalf and Aragorn lead the World of Men against Sauron's army to draw his gaze from Frodo and Sam as they approach Mount Doom with the One Ring.;Peter Jackson;J.R.R. Tolkien, Fran Walsh, Philippa Boyens;Elijah Wood, Viggo Mortensen, Ian McKellen;9.0
Interstellar;2014;PG-13;2h 49m;When Earth becomes uninhabitable in the future, a farmer and ex-NASA pilot, Joseph Cooper, is tasked to pilot a spacecraft, along with a team of researchers, to find a new planet for humans.;Christopher Nolan;Jonathan Nolan, Christopher Nolan;Matthew McConaughey, Anne Hathaway, Jessica Chastain;8.7
Schindler's List;1993;R;3h 15m;In German-occupied Poland during World War II, industrialist Oskar Schindler gradually becomes concerned for his Jewish workforce after witnessing their persecution by the Nazis.;Steven Spielberg;Thomas Keneally, Steven Zaillian;Liam Neeson, Ralph Fiennes, Ben Kingsley;9.0
12 Angry Men;1957;Approved;1h 36m;The jury in a New York City murder trial is frustrated by a single member whose skeptical caution forces them to more carefully consider the evidence before jumping to a hasty verdict.;Sidney Lumet;Reginald Rose;Henry Fonda, Lee J. Cobb, Martin Balsam;9.0
The Godfather Part II;1974;R;3h 22m;The early life and career of Vito Corleone in 1920s New York City is portrayed, while his son, Michael, expands and tightens his grip on the family crime syndicate.;Francis Ford Coppola;Francis Ford Coppola, Mario Puzo;Al Pacino, Robert De Niro, Robert Duvall;9.0
The Dark Knight;2008;PG-13;2h 32m;When the menace known as the Joker wreaks havoc and chaos on the people of Gotham, Batman must accept one of the greatest psychological and physical tests of his ability to fight injustice.;Christopher Nolan;Jonathan Nolan, Christopher Nolan, David S. Goyer;Christian Bale, Heath Ledger, Aaron Eckhart;9.0
The Godfather;1972;R;2h 55m;Don Vito Corleone, head of a mafia family, decides to hand over his empire to his youngest son Michael. However, his decision unintentionally puts the lives of his loved ones in grave danger.;Francis Ford Coppola;Mario Puzo, Francis Ford Coppola;Marlon Brando, Al Pacino, James Caan;9.2
